SampleID,aligned_frac_bases,aligned_est_fold_cov,average_identity,total_length,bases_mapped,mismatches
S3_WGS-FDBG01_4051126082-ST406_S247_L007,0.9992526049127891,2.986495556755867,98.97738515130285,69735540,69683420,712593
S3_WGS-FDBG01_4051125969-ST410_S224_L007,0.9989478645182095,2.3561592312019983,98.91682687630816,55033787,54975884,595484
S3_WGS-FDBG01_4051125079-ST402_S220_L007,0.998674566027016,12.961721674760623,98.78142276871763,302835153,302433765,3685389
S3_WGS-FDBG01_4051126692-ST411_S213_L007,0.9989286410936371,13.913678185496416,98.92860803882171,324993798,324645613,3478227
S3_WGS-FDBG01_4051125832-ST408_S228_L007,0.9989288620395316,3.631329175159525,98.88985876289028,84820073,84729219,940614
S3_WGS-FDBG01_4051126637-ST412_S203_L007,0.9987985017671249,10.30967958935473,98.85774922625096,240843467,240554094,2747731
S3_WGS-FDBG01_4051126046-ST401_S227_L007,0.9988269287122494,4.357661577315988,98.8909819736723,101796030,101676616,1127612
S3_WGS-FDBG01_4051126676-ST400_S206_L007,0.9984727395692126,12.760077802791164,98.9643005394966,298184246,297728841,3083576
S3_WGS-FDBG01_8068186767-ST368_S223_L007,0.9996108665640016,401.7638270250783,99.08752872286115,9377939962,9374290692,85537710
S3_WGS-FDBG01_4051126352-ST363_S229_L007,0.9994682096023956,254.96525459246516,98.83670933969545,5952228574,5949063236,69204897
S3_WGS-FDBG01_4051125446-ST374_S246_L007,0.9995017797795316,245.9560678406944,98.80184562974296,5741713970,5738853332,68760322
S3_WGS-FDBG01_4051126681-ST377_S221_L007,0.9993281585470908,140.00981595081507,98.66290177699287,3269022759,3266826494,43680679
S3_WGS-FDBG01_4051125778-ST369_S244_L007,0.9993585138072631,10.19148857110787,98.99059935996834,237949003,237796362,2400318
S3_WGS-FDBG01_8068189082-ST380_S235_L007,0.9999822737908935,40.347175755166354,99.91311879104568,941430844,941414156,817912
S3_WGS-FDBG01_8045359595-ST372_S199_L007,0.9993128248762965,132.209481538016,98.88246881385362,3086943818,3084822547,34473854
S3_WGS-FDBG01_4051126555-ST413_S219_L007,0.99883161138514,23.75594692956138,98.78321886348029,554942073,554293685,6744541
S3_WGS-FDBG01_4051125556-ST403_S226_L007,0.9935262916725583,1.1515368104155692,98.86388297606469,27043696,26868623,305259
S3_WGS-FDBG01_4051126468-ST366_S236_L007,0.9993354971512527,221.36548008581383,98.9017379418759,5168519603,5165085107,56726170
S3_WGS-FDBG01_4051126005-ST404_S207_L007,0.9988606880333198,1.4132568694276766,98.92111048589558,33012907,32975295,355767
S3_WGS-FDBG01_4051125746-ST376_S210_L007,0.9994437490030704,26.476538795814776,98.97372386328226,618116645,617772817,6340055
S3_WGS-FDBG01_4051125694-ST361_S201_L007,0.9993257399393927,131.90445573296932,98.97072193129631,3079782003,3077705429,31678147
S3_WGS-FDBG01_4051126570-ST371_S214_L007,0.9994420875008695,74.29963661944439,98.93942337270065,1734589208,1733621459,18386384
S3_WGS-FDBG01_4051126206-ST405_S241_L007,0.9984533010480745,0.3922557816474883,98.92977184993599,9166619,9152441,97952
S3_WGS-FDBG01_8045359692-ST370_S198_L007,0.9993280051031691,200.72705246026854,98.83820052850635,4686681424,4683531998,54413250
S3_WGS-FDBG01_4051125054-ST399_S208_L007,0.9988705692176783,6.938961049703382,98.88898449325994,162088729,161905661,1798797
S3_WGS-FDBG01_8068188708-ST365_S212_L007,0.999428895804081,548.2660994660787,99.01889954665454,12799914713,12792604628,125508302
S3_WGS-FDBG01_4051125101-ST398_S245_L007,0.9988342078040281,5.074139927850186,98.88781357245112,118532274,118394090,1316763
S3_WGS-FDBG01_4051126523-ST364_S232_L007,0.9993943117132106,6.257340223365018,98.96986957230963,146089997,146001512,1504006
S3_WGS-FDBG01_4051126629-ST360_S225_L007,0.9992236892091875,89.60002102615974,99.00693074071013,2092247099,2090622865,20761333
S3_WGS-FDBG01_4051126146-ST362_S234_L007,0.999230398693985,107.7380261784689,98.96671487442386,2515770159,2513834019,25975073
S3_WGS-FDBG01_4051126282-ST375_S248_L007,0.9991943776947118,45.012942745629886,98.95910189245905,1051126557,1050279746,10932342
S3_WGS-FDBG01_4051125542-ST367_S205_L007,0.9992427300493846,265.5711916153881,98.92302620111461,6201225859,6196529857,66735003
S3_WGS-FDBG01_4051117519-ST409_S202_L007,0.9984600958811347,0.7240643969642957,98.92053486352168,16920534,16894478,182370
S3_WGS-FDBG01_4051125830-ST383_S197_L007,0.9988009876055247,1.1523406131589902,98.96214126940902,26919655,26887378,279053
S3_WGS-FDBG01_4064915836-ST382_S222_L007,0.972694361163931,0.01072055569405849,98.8422529693253,257163,250141,2896
S3_WGS-FDBG01_4051126484-ST379_S204_L007,0.9964129570957795,0.1007533631033926,98.98356432661721,2359325,2350862,23895
S3_WGS-FDBG01_4051126465-ST385_S233_L007,0.9989120977343382,0.7934598528708829,98.93813063870478,18533834,18513671,196591
S3_WGS-FDBG01_4051126502-ST373_S216_L007,0.9993209485575721,11.827525831725834,99.00212616052029,276157281,275969756,2753830
S3_WGS-FDBG01_4051126704-ST384_S215_L007,0.997304615515202,0.3182476851616728,98.99660930761087,7445691,7425622,74508
S3_WGS-FDBG01_4051126116-ST388_S239_L007,0.9793727110988427,0.022200513190872316,98.728573883062,528911,518001,6586
S3_WGS-FDBG01_4051126630-ST387_S249_L007,0.7853716992846236,0.02407152425814964,97.71408528692778,715148,561657,12839
S3_WGS-FDBG01_4051126157-ST381_S230_L007,0.9865747937826419,0.03660977560424602,98.84407815408389,865834,854210,9874
S3_WGS-FDBG01_4051126376-ST386_S237_L007,0.9991240430193562,1.5438627078342246,98.9790049052403,36054282,36022700,367790
S3_WGS-FDBG01_8068186812-ST393_S238_L007,0.9995898413699869,489.37276916880967,99.10605597905655,11423141334,11418456034,102074605
S3_WGS-FDBG01_8068186342-ST394_S209_L007,0.9995713535973095,621.141394238395,99.1464547366289,14499207181,14492992148,123704248
S3_WGS-FDBG01_4051125918-ST378_S200_L007,0.9957355004637541,0.18841372025067332,98.96094992365045,4415055,4396227,45679
S3_WGS-FDBG01_8068186521-ST392_S242_L007,0.9995841261634723,286.23110295322397,99.14766044812286,6681362846,6678584242,56924215
S3_WGS-FDBG01_8068186649-ST397_S231_L007,0.9995830387999057,814.4334036676805,99.13447918414498,19010970321,19003043484,164475297
S3_WGS-FDBG01_4051125962-ST395_S211_L007,0.999430441484449,186.47580360881074,98.99160149073097,4353489470,4351009903,43875519
S3_WGS-FDBG01_8068186409-ST389_S243_L007,0.9995073727761287,1322.935362473465,99.09208814807748,30883051652,30867837820,280252758
S3_WGS-FDBG01_8068186719-ST391_S217_L007,0.9994943335263929,1374.2520746832395,98.97131535349719,32081424905,32065202404,329849814
S3_WGS-FDBG01_8068187056-ST390_S218_L007,0.9995050053415034,29.9951091678128,99.08802314760116,700217657,699871053,6382662
TCCGTTATGT_TACACTACAA_S240_L007,0.9993798252518779,710.1171803825501,98.99695300216462,16579331924,16569049841,166195357
S3_WGS-batchD_4051125876-ST164_S13,0.9890967003346208,0.01921780714297133,99.33453165211884,453349,448406,2984
S3_WGS-batchD_4051126637-ST157_S6,0.9994669071013411,17.288103817970885,98.72294162685978,403595697,403380543,5151405
S3_WGS-batchD_4051126571-ST169_S18,0.9995564793927985,107.85220285452618,98.90628194139873,2517614699,2516498085,27523394
S3_WGS-batchD_4051125710-ST160_S9,0.9993191974468665,442.3061663863536,98.72002413392245,10327289414,10320258569,132096819
S3_WGS-batchD_4051125452-ST165_S14,0.9995746227992286,505.1325179932026,98.69443343873527,11791191420,11786175716,153876369
S3_WGS-batchD_4051126095-ST161_S10,0.9960605575492699,0.2973280276780721,98.52148617651845,6964945,6937507,102572
S3_WGS-batchD_4051126590-ST167_S16,0.9994882221903068,504.74299479801834,98.73666311057679,11783117372,11777087034,148784285
S3_WGS-batchD_4051002323-ST156_S5,0.9990488045721649,382.07547337038585,98.64956202935663,8923393397,8914905506,120390269
S3_WGS-batchD_4051125892-ST162_S11,0.9923514523699312,232.52999281399062,98.76829225942522,5467402574,5425584885,66827349
S3_WGS-batchD_8045358957-ST158_S7,0.9994740949779185,687.0673879848055,98.69284536429498,16039668088,16031232746,209553002
S3_WGS-batchD_4051126223-ST168_S17,0.9994714348324997,121.32511770213647,98.75479232466222,2832356523,2830859438,35250079
S3_WGS-batchD_4051125079-ST154_S3,0.9994370936616289,25.141610500119594,98.6341025440181,586955551,586625150,8012698
S3_WGS-batchD_4051126388-ST166_S15,0.9944428165342126,0.06225196170941736,93.54244190249327,1460632,1452515,93797
S3_WGS-batchD_4051126121-ST163_S12,0.9995113609521185,109.18881534304505,98.75290680013721,2548930556,2547685049,31772007
S3_WGS-batchD_4051126067-ST153_S2,0.9983841686141487,156.08681699642293,98.77321252266525,3647842870,3641948571,44678969
S3_WGS-batchD_4051126465-ST155_S4,0.999061210470617,1.014129485057519,98.63779512917475,23684755,23662520,322332
S3_WGS-batchD_4064915836-ST152_S1,0.9959957684071064,0.4695556335857801,98.348175339579,11000113,10956066,180975
S3_WGS-batchD_4051125477-ST171_S20,0.9916746891955489,0.1782688338954381,95.52138012144677,4194438,4159518,186289
S3_WGS-batchD_4051126555-ST159_S8,0.9994533962606046,52.435302793629184,98.56113207072613,1224133594,1223464478,17604038
S3_WGS-batchD_8045353103-ST170_S19,0.9985493262274077,602.5854969898862,98.57343289091334,14080456534,14060030385,200575769
S3TIMULATE_ST100_WGS_S13,0.9992975870891299,3.3382502660734943,98.79176446590856,77945606,77890856,941105
S3TIMULATE_ST109B_WGS_S12,0.9969934558675293,0.3105051639879742,98.35009600457808,7266815,7244967,119535
S3TIMULATE_ST44_WGS_S14,0.9982554707403021,0.8750500099880687,98.51306246079018,20453082,20417401,303594
S3TIMULATE_ST86_WGS_S18,0.9986355495779363,89.96078848356173,98.65518184447271,2101908544,2099040594,28228279
S3TIMULATE_ST56_WGS_S7,0.9988247351478042,14.884136473919868,98.63757999241899,347697797,347289160,4731537
S3TIMULATE_ST43_WGS_S13,0.9993953350985173,160.93081652001285,98.71459485435766,3757244706,3754972832,48266614
S3TIMULATE_ST49_WGS_S19,0.9993338890464074,306.38864589088365,98.58222757704982,7153682092,7148916946,101355373
S3TIMULATE_ST109_WGS_S3,0.9995379225540384,301.8168100761335,98.77071966211382,7045498603,7042243037,86568909
S3TIMULATE_ST85_WGS_S17,0.99926102514705,150.93184699898714,98.57133761454229,3524272835,3521668486,50312753
S3TIMULATE_ST92_WGS_S5,0.9990350120421554,1.4841826577554493,98.77766787048124,34663645,34630195,423296
S3TIMULATE_ST67_WGS_S18,0.9992307041544068,384.8423449885374,98.52777842873222,8986377659,8979464476,132197613
S3TIMULATE_ST89_WGS_S2,0.9987517666352751,102.90060433708902,98.91569110133237,2403963942,2400963234,26033858
S3TIMULATE_ST34_WGS_S4,0.9991830084765737,354.38180771744067,98.70313226477626,8275494673,8268733664,107234539
S3TIMULATE_ST73_WGS_S5,0.9993032298462097,797.0946986348297,98.5564965189734,18611450174,18598482271,268469739
S3TIMULATE_ST96_WGS_S9,0.9987904291573609,326.1118824845961,98.72797475601651,7618330961,7609116050,96789877
S3TIMULATE_ST63_WGS_S14,0.9992018703906203,7.346798904325359,98.64914341404526,171558602,171421676,2315661
S3TIMULATE_ST54_WGS_S5,0.9992576624394692,175.28999600091527,98.60983232925977,4093051681,4090013255,56858042
S3TIMULATE_ST99_WGS_S12,0.9990393963841975,85.66357141537728,98.48915894616857,2000696196,1998774320,30198303
S3TIMULATE_ST60_WGS_S11,0.9992063521684313,376.1451023169534,98.61089114083765,8783504122,8776533113,121915599
S3TIMULATE_ST78_WGS_S10,0.9990546676593767,277.4061975913004,98.54117738866319,6478798764,6472674146,94424834
S3TIMULATE_ST83_WGS_S15,0.9991814117477232,555.0890458722147,98.57476012272045,12962414218,12951803338,184594266
S3TIMULATE_ST46_WGS_S16,0.9992948165714649,67.86505765543576,98.69010966185267,1584601899,1583484464,20741910
S3TIMULATE_ST32_WGS_S2,0.9991971062893554,496.14410839589647,98.65751798765375,11585752730,11576450602,155411767
S3TIMULATE_ST61_WGS_S12,0.9991680876923257,483.7526558598377,98.81095886099904,11296720716,11287322835,134210912
S3TIMULATE_ST57_WGS_S8,0.9993477647705004,225.70557316235713,98.63807453957025,5269788942,5266351800,71723786
S3TIMULATE_ST79_WGS_S11,0.9987887943549786,128.72741808230023,98.5865773235051,3007218481,3003576121,42453226
S3TIMULATE_ST35_WGS_S5,0.99914390076986,367.2670961729089,98.26257875051877,8576726554,8569384025,148886299
S3TIMULATE_ST66_WGS_S17,0.9991251516109144,836.0934021787918,98.51227320083404,19525514607,19508432742,290232182
S3TIMULATE_ST70_WGS_S2,0.9991399832500469,756.9044021604058,98.56195011874253,17675930150,17660728554,253970086
S3TIMULATE_ST68_WGS_S19,0.9992828099718757,1228.1445105758455,98.47273310569547,28676664752,28656098134,437655100
S3TIMULATE_ST114_WGS_S8,0.9991778709943416,606.8787878748917,98.6425305119434,14171856144,14160205050,192220463
S3TIMULATE_ST62_WGS_S13,0.9990243684773873,146.06974616333656,98.49491641223463,3411550286,3408221870,51296588
S3TIMULATE_ST77_WGS_S9,0.9990769976851309,629.2506410814389,98.57227241603505,14695768127,14682203899,209621875
S3TIMULATE_ST98_WGS_S11,0.9986004117720122,88.3146278941881,98.31001178273067,2063519071,2060630994,34824421
S3TIMULATE_ST93_WGS_S6,0.9992173356990582,1066.021792504547,98.99496578378354,24892797559,24873314855,249985325
S3TIMULATE_ST110B_WGS_S13,0.999366298124868,118.43791280606702,98.49319116234584,2765245092,2763492751,41640553
S3TIMULATE_ST38_WGS_S8,0.9992151647016976,297.3754988837835,98.66596107682555,6944064585,6938614638,92563820
S3TIMULATE_ST64_WGS_S15,0.9990796174555586,419.5139346309294,98.66167557329968,9797468514,9788451095,131001232
S3TIMULATE_ST39_WGS_S9,0.9989620233165205,89.71033417750836,98.71734524889276,2095371731,2093196784,26848488
S3TIMULATE_ST55_WGS_S6,0.9988087723710795,129.06146847368208,98.6050311481686,3014961971,3011370465,42007680
S3TIMULATE_ST91_WGS_S4,0.9977495296902229,76.42167830498467,96.4134177622057,1787156659,1783134716,63953593
S3TIMULATE_ST97_WGS_S10,0.997786218998577,32.40764662199915,98.98077291467973,757840093,756162401,7707012
S3TIMULATE_ST31_WGS_S1,0.9990944419189371,497.1081014616353,98.693789984824,11609456334,11598943297,151506559
S3TIMULATE_ST105_WGS_S18,0.9989296406067714,203.4527126767557,98.61384138480663,4752215968,4747129389,65802743
S3TIMULATE_ST81_WGS_S13,0.9989372691287001,130.04398796048778,98.49530212225208,3037523504,3034295434,45656979
S3TIMULATE_ST41_WGS_S11,0.9994608722175343,212.50941100652176,98.58002488271796,4961122552,4958447873,70408726
S3TIMULATE_ST69_WGS_S1,0.9990070472617419,330.41298249218625,98.56179502680617,7717135675,7709472924,110878023
S3TIMULATE_ST112B_WGS_S15,0.9988696304570381,0.3906898341860585,98.72535940761985,9126219,9115903,116195
S3TIMULATE_ST48_WGS_S18,0.9992451719404474,532.7652123258554,98.72859130783694,12440315223,12430924924,158047860
S3TIMULATE_ST59_WGS_S10,0.9992234815907267,114.0138232642843,98.52763421701836,2662333533,2660266182,39168849
S3TIMULATE_ST101_WGS_S14,0.9987547703042658,253.7206310813699,96.81864332993067,5927403615,5920022636,188337035
S3TIMULATE_ST65_WGS_S16,0.9990712521140339,577.608602922259,98.60297388236849,13489777139,13477248537,188280682
S3TIMULATE_ST115_WGS_S9,0.999252893583479,614.5498762495212,98.70328886813557,14349914233,14339193320,185937916
S3TIMULATE_ST107B_WGS_S10,0.9994500096567697,42.702208548218245,98.80270494423453,996912049,996363757,11929414
S3TIMULATE_ST52_WGS_S3,0.999035477745392,520.8163431376696,98.5906335415195,12163856193,12152123883,171267958
S3TIMULATE_ST37_WGS_S7,0.999255708504673,295.1833300696928,98.61195741263482,6892595216,6887465116,95600949
S3TIMULATE_ST113B_WGS_S16,0.9994020927316877,373.73648886018543,98.56496596672581,8725550393,8720333323,125139751
S3TIMULATE_ST104_WGS_S17,0.9990818035212563,403.32850674536434,98.5012476164734,9419448016,9410799112,141044576
S3TIMULATE_ST111_WGS_S5,0.9982651454117245,3.509617753758983,98.79524620943975,82031659,81889346,986565
S3TIMULATE_ST114B_WGS_S17,0.99910365280213,13.276923009668906,98.66363096784025,310066234,309788307,4139915
S3TIMULATE_ST84_WGS_S16,0.9991112633115695,166.24998411037765,98.57906350070425,3882534664,3879084113,55119322
S3TIMULATE_ST111B_WGS_S14,0.9993198649794122,46.185012033897806,98.59047679232744,1078360881,1077627450,15189409
S3TIMULATE_ST51_WGS_S2,0.999282724461589,275.15529511860944,98.57903694920925,6424762526,6420154201,91228019
S3TIMULATE_ST47_WGS_S17,0.9991878537761951,751.7324142167183,98.60758266015462,17554308057,17540051392,244230717
S3TIMULATE_ST94_WGS_S7,0.9989261361765144,800.7395325103817,97.69198061804049,18703611725,18683526593,431219415
S3TIMULATE_ST112_WGS_S6,0.997928440529159,1.2957797377335865,98.71809492687424,30296982,30234220,387574
S3TIMULATE_ST87_WGS_S19,0.9991427584521163,158.14664302102287,98.94643070576261,3693176104,3690010160,38876814
S3TIMULATE_ST40_WGS_S10,0.9993298703288073,607.2641903542042,98.64339483686037,14178699151,14169197584,192220066
S3TIMULATE_ST110_WGS_S4,0.9958595310912698,0.9880779617088173,98.96296037973055,23150518,23054664,239086
S3TIMULATE_ST106_WGS_S19,0.9987990827450844,403.7232515940302,96.38134041907556,9431335884,9420009630,340878081
S3TIMULATE_ST58_WGS_S9,0.999055331681927,675.2398597530288,98.61279610555816,15770160505,15755262934,218557621
S3TIMULATE_ST71_WGS_S3,0.9992214561084788,145.58994119832568,98.57312506259407,3399673453,3397026658,48471322
S3TIMULATE_ST95_WGS_S8,0.998824762154338,19.82658179744008,98.46186480689484,463154758,462610441,7115574
S3TIMULATE_ST72_WGS_S4,0.9990921608763028,536.6878900162985,98.67030911950707,12533830833,12522452131,166509904
S3TIMULATE_ST42_WGS_S12,0.9992476511552241,148.25197349538135,98.58007628752335,3461743868,3459139429,49117141
S3TIMULATE_ST36_WGS_S6,0.9993472797088124,636.9060248947845,98.60812969171015,14870532035,14860825737,206843421
S3TIMULATE_ST45_WGS_S15,0.9992879482209807,349.5503532596269,98.61421537897677,8161813749,8156002115,113024623
S3TIMULATE_ST76_WGS_S8,0.9991123273118844,575.3635131155708,98.57953186785818,13436791691,13424864218,190695918
S3TIMULATE_ST107_WGS_S1,0.9994105495552249,604.0972161595938,98.80601134303313,14103616468,14095303085,168296320
S3TIMULATE_ST53_WGS_S4,0.9990972643261921,628.9716866430184,98.5332406231307,14688955344,14675695100,215257134
S3TIMULATE_ST108_WGS_S2,0.9992981816293524,118.84225421518573,98.78464251804168,2774874642,2772927184,33700978
S3TIMULATE_ST88_WGS_S1,0.9991465776189054,1.8832625554052809,98.79185593000133,43979395,43941862,530881
S3TIMULATE_ST75_WGS_S7,0.9989895577536988,471.7544022825512,98.50084644873478,11018503077,11007369516,165017371
S3TIMULATE_ST74_WGS_S6,0.9992421008373517,609.9902421218438,98.54701479492596,14243599323,14232804111,206800538
S3TIMULATE_ST80_WGS_S12,0.9988993625514515,193.96359911453553,98.52781718825324,4530708097,4525721430,66626893
S3TIMULATE_ST108B_WGS_S11,0.9993034043566329,347.429959251851,98.66613417856517,8112178211,8106527303,108130197
S3TIMULATE_ST102_WGS_S15,0.9985579343643348,752.0111259499969,98.60976738418512,17571894353,17546554528,243937924
S3TIMULATE_ST33_WGS_S3,0.9992251500301881,167.53017050346938,98.6132755176488,3911985698,3908954496,54206429
S3TIMULATE_ST115B_WGS_S18,0.9994802864853518,145.41086436159785,99.0910408485353,3394612513,3392848287,30839605
S3TIMULATE_ST50_WGS_S1,0.9991352719772869,372.2463991629994,98.37995538413603,8693082452,8685565300,140710033
S3TIMULATE_ST82_WGS_S14,0.9989688867604856,140.39497769645607,98.5117334572143,3279194632,3275813411,48752835
S3TIMULATE_ST113_WGS_S7,0.9988743806424405,1.8765480274389241,98.79428189342457,43834534,43785193,527926
S3TIMULATE_ST103_WGS_S16,0.9985444423224125,32.16304428278102,98.60407750904933,751549057,750455134,10475772
S3TIMULATE_ST90_WGS_S3,0.9982671075054972,139.25526002215162,98.81976510156038,3254860886,3249220562,38348435
S3TIMULATE_7G8cb_WGS_S20,0.999213202389874,643.3139629943875,98.60790278342192,15022160525,15010341125,208958541
S3TIMULATE_ST131b_WGS_S16,0.999369458671581,194.91309600173386,98.71839758965736,4550745321,4547875888,58285687
S3TIMULATE_ST124b_WGS_S9,0.9985396710901927,276.182853102445,98.44165598330322,6453554358,6444130046,100421715
S3TIMULATE_ST127b_WGS_S12,0.9991939220674498,263.6774446092908,98.64755472686383,6157306632,6152343363,83207077
S3TIMULATE_HB3cb_WGS_S19,0.9993148261932877,697.4438650607412,98.74008528196659,16284503130,16273345415,205030274
S3TIMULATE_ST119b_WGS_S4,0.999282627487758,382.70099622253423,98.76878172336518,8935911107,8929500730,109941645
S3TIMULATE_ST117b_WGS_S2,0.999257655018502,532.0190317603443,98.67558069753538,12422736369,12413514413,164406981
S3TIMULATE_DD2cb_WGS_S17,0.9992091972391016,882.7107532006714,98.71152334192251,20612448269,20596147888,265376558
S3TIMULATE_ST129b_WGS_S14,0.9991388488423577,305.49894905630646,98.75710691916778,7134301505,7128157793,88595380
S3TIMULATE_GB4cb_WGS_S18,0.9992757086589035,601.5618185596703,98.53856060828296,14046318688,14036145061,205129753
S3TIMULATE_ST128b_WGS_S13,0.999087972881515,407.8938967521269,98.61880057847219,9526010602,9517322622,131453205
S3TIMULATE_ST120b_WGS_S5,0.99917596170702,419.2446028535147,98.57997259138952,9790234348,9782166820,138909450
S3TIMULATE_ST126b_WGS_S11,0.9994724764865704,50.682016534721726,98.52050178739543,1183179487,1182555332,17495885
S3TIMULATE_ST121b_WGS_S6,0.9993150446887352,342.6719855650656,98.71808119117307,8000990590,7995510269,102495950
S3TIMULATE_ST130b_WGS_S15,0.9992893296050215,111.47708827888454,98.73977588543879,2602926776,2601076953,32779399
S3TIMULATE_ST116b_WGS_S1,0.9991414615835295,12.666943186810657,98.7910967564136,295809710,295555746,3572983
S3TIMULATE_ST123b_WGS_S8,0.9992292423356796,163.55888145458854,98.2457849237997,3819236754,3816293048,66945988
S3TIMULATE_ST118b_WGS_S3,0.9992622417344158,479.3637838070198,98.63351573845559,11193175848,11184917990,152840144
S3TIMULATE_ST122b_WGS_S7,0.9992469677477652,328.91660307603377,98.66388829068724,7680341689,7674558144,102540670
S3TIMULATE_ST125b_WGS_S10,0.9993420441785833,115.58151256261615,98.78540104686424,2698620397,2696844824,32755849
S3_WGS-batchH_4051125327-ST246_S17,0.9991838847490916,365.99799934332896,98.59128797040762,8546747524,8539772393,120300801
S3_WGS-batchH_4051126397-ST230_S1,0.9991962589254932,265.8362218159565,98.54663981879658,6207703150,6202713764,90147772
S3_WGS-batchH_4051125931-ST238_S9,0.999316703772508,361.07926720790385,98.91638188446156,8430765118,8425004408,91294874
S3_WGS-batchH_4051125897-ST236_S7,0.9992913141012412,369.9354022885942,98.65264952978451,8637764644,8631643182,116298485
S3_WGS-batchH_4051124941-ST248_S19,0.9992952525380454,142.93394862922597,98.61809695456907,3337406840,3335054811,46087224
S3_WGS-batchH_4051001985-ST239_S10,0.9991779546630144,541.8834650596955,98.7348859551503,12654081876,12643679647,159956967
S3_WGS-batchH_4051126634-ST243_S14,0.9992537193028757,145.01643936256536,98.51540227902947,3386172267,3383645232,50233520
S3_WGS-batchH_4051001671-ST237_S8,0.999350704991507,289.99087573526737,98.65237298605373,6770706601,6766310415,91184627
S3_WGS-batchH_4051126421-ST245_S16,0.9992332749623709,276.1992156205252,98.7217059077072,6449456790,6444511830,82379814
S3_WGS-batchH_4051126230-ST234_S5,0.9993341324982733,456.8006903060532,98.63974016579606,10665558811,10658456962,144982709
S3_WGS-batchH_4051002473-ST242_S13,0.9989742914600445,456.61542832400295,98.57229506323003,10665073531,10654134274,152109601
S3_WGS-batchH_4051126253-ST241_S12,0.9992075366669555,184.696649130438,98.52119376419742,4312915005,4309497178,63729113
S3_WGS-batchH_4051002255-ST231_S2,0.9991692222120068,330.67342388125167,98.87280873438722,7721964998,7715549761,86969003
S3_WGS-batchH_4051125814-ST232_S3,0.9992650752349024,324.80733711829924,98.68115083933664,7584251157,7578677303,99951322
S3_WGS-batchH_4051126601-ST244_S15,0.9991376763408463,147.8858359670677,98.76448378640734,3453574500,3450596401,42632678
S3_WGS-batchH_4051125896-ST235_S6,0.9993920007104291,238.79786956057941,98.64719895181396,5575221975,5571832244,75375805
S3_WGS-batchH_4051126467-ST247_S18,0.999306294918029,407.855727586343,98.81027278208079,9523038207,9516432027,113219582
S3_WGS-batchH_4051001661-ST233_S4,0.9992149319339572,517.8689147085787,98.55164189659322,12092845717,12083352010,175010208
S3_WGS-batchH_4051126297-ST240_S11,0.998602658839339,244.16332924596102,98.64813283710905,5704995476,5697023651,77016192
S3_WGS-batchH_4051125180-ST249_S20,0.9980354531254831,285.2269992948565,98.73764695552794,6668255754,6655155653,84011560
S3_WGS-batchL_4051126720-ST322_S13,0.9993502918095624,23.639509962761068,98.97165722392135,551935477,551576880,5672101
S3_WGS-batchL_4051126688-ST332_S23,0.9992149717325749,0.5413682835594932,98.9160568694896,12641583,12631659,136920
S3_WGS-batchL_4051126498-ST331_S22,0.99925465176866,0.5290718801942619,98.93054933721213,12353957,12344749,132021
S3_WGS-batchL_4051125969-ST317_S8,0.9992817489583194,3.658424249188022,98.90035808212384,85422779,85361424,938670
S3_WGS-batchL_4051126485-ST329_S20,0.9989375515290396,0.8154719192122313,98.9034162800506,19047512,19027275,208650
S3_WGS-batchL_4064908673-ST333_S24,0.9993572820446023,70.374411746466,98.95988198286798,1643090863,1642034819,17079100
S3_WGS-batchL_4051126101-ST319_S10,0.9994293519126604,101.80483142235714,98.91891845401773,2376752030,2375395741,25679965
S3_WGS-batchL_4051125556-ST320_S11,0.9935363375291191,1.6424066098428913,98.87113694900495,38571321,38322009,432603
S3_WGS-batchL_4064909100-ST324_S15,0.9993012683821092,4.82163670696052,98.92479252433856,112581137,112502473,1209635
S3_WGS-batchL_CONTROL-ST334_S25,0.9994578921118469,77.54640509026784,99.47455124746102,1810359195,1809377785,9507353
S3_WGS-batchL_4051126005-ST323_S14,0.9992685191764041,2.1102436784482164,98.93341675945412,49274019,49237976,525164
S3_WGS-batchL_4051125944-ST314_S5,0.9991690858223332,1.774402977708799,98.88727701816481,41436289,41401859,460688
S3_WGS-batchL_4051125646-ST321_S12,0.9634377084253437,0.6626766249919266,98.45834922970171,16048912,15462127,238372
S3_WGS-batchL_4051126206-ST312_S3,0.9986253494704315,0.6457307231237485,98.9157369305923,15087471,15066731,163363
S3_WGS-batchL_4051125821-ST316_S7,0.9993788747717891,40.17536721527972,98.9264213467946,937987983,937405375,10063784
S3_WGS-batchL_4064908490-ST330_S21,0.9993476979996494,26.70178665356582,98.92263835145427,623435157,623028489,6712270
S3_WGS-batchL_4051125853-ST310_S1,0.9994202660493773,31.336745991347218,98.90867271411153,731599382,731175249,7979515
S3_WGS-batchL_4051126724-ST328_S19,0.9994086195779543,18.835425770520253,98.92339596824009,439744013,439483957,4731502
S3_WGS-batchL_4051126240-ST326_S17,0.9994684803583769,22.105648395379575,98.884580256481,516061832,515787535,5753196
S3_WGS-batchL_4051125844-ST327_S18,0.9991879499178401,22.585286128276117,98.86357734151548,527407126,526978845,5988707
S3_WGS-batchL_4051125825-ST318_S9,0.999207547430026,7.6075803720241675,98.90255366948698,177647225,177506448,1948038
S3_WGS-batchL_4051117519-ST311_S2,0.9986020077851998,1.0894910816467727,98.91055083765654,25456508,25420920,276948
S3_WGS-batchL_4051126373-ST325_S16,0.9994101554036934,86.79421522601686,98.94257114929128,2026350682,2025155450,21414578
S3_WGS-batchL_4051125054-ST315_S6,0.9992896453099136,11.58016827699364,98.94635161191783,270390275,270198202,2846939
S3_WGS-batchL_4051126080-ST313_S4,0.9994454522628992,71.46630716476464,98.92897162213191,1668437067,1667511839,17859525
S3TIMULATE_ST116_WGS_S1,0.9996093790515219,6.369259565884803,98.89149063686985,148670982,148612908,1647388
S3TIMULATE_ST126_WGS_S11,0.9997024389544993,31.156900195471284,98.61429492642137,727195321,726978936,10073784
S3TIMULATE_7G8c_WGS_S20,0.9995943530555228,402.9986765433902,98.71197250580606,9406919125,9403103237,121114555
S3TIMULATE_DD2c_WGS_S17,0.9995802260139507,439.0733299106894,98.77698328985676,10249129634,10244827316,125295950
S3TIMULATE_ST124_WGS_S9,0.9991384077838289,150.56373461454905,98.56200083886576,3516108831,3513079379,50518052
S3TIMULATE_ST123_WGS_S8,0.9994564987771386,81.68195503341877,98.36068599879975,1906908313,1905871906,31243225
S3TIMULATE_ST131_WGS_S16,0.9995634117191666,117.60460083747203,98.77381299170771,2745247760,2744049217,33647175
S3TIMULATE_ST117_WGS_S2,0.9994926717766635,271.77681935747296,98.75095006370412,6344543536,6341324770,79206313
S3TIMULATE_HB3c_WGS_S19,0.9996278916023982,457.43061849438897,98.79762129098103,10677128024,10673154975,128331743
S3TIMULATE_ST119_WGS_S4,0.9995500284289798,195.68804100521157,98.81056382268538,4568013031,4565957555,54309151
S3TIMULATE_ST120_WGS_S5,0.9993925993512919,213.13617138488806,98.66615023121568,4976094455,4973071972,66333309
S3TIMULATE_ST130_WGS_S15,0.9995831094435011,67.46264057279956,98.8336824775659,1574751430,1574094931,18358945
S3TIMULATE_ST122_WGS_S7,0.9995656331961441,152.15029774130787,98.72966600060165,3551641116,3550098401,45098107
S3TIMULATE_ST127_WGS_S12,0.9995482667511673,167.2503457466106,98.73532444396074,3904189042,3902425390,49353020
S3TIMULATE_ST121_WGS_S6,0.999609784443502,175.95994743717213,98.78545335765848,4107247836,4105645124,49864975
S3TIMULATE_ST128_WGS_S13,0.9994718836194896,245.05673030187197,98.6839393501247,5720890530,5717869234,75250627
S3TIMULATE_ST118_WGS_S3,0.9995685138274373,232.43960201328267,98.70352962840937,5425816976,5423475811,70313757
S3TIMULATE_ST129_WGS_S14,0.9994852803614791,220.71777480657198,98.90937625127857,5152624461,5149972304,56166821
S3TIMULATE_GB4c_WGS_S18,0.9995172383366006,446.722582022702,98.60287800409566,10428340487,10423306084,145626302
S3TIMULATE_ST125_WGS_S10,0.9994759610455919,72.23105139498884,98.86587844051961,1686239148,1685355493,19113980
S3_WGS-batchI_4051125704-ST259_S10,0.9988915940767238,70.74972805495294,98.55344781186953,1652623792,1650792014,23879568
S3_WGS-batchI_4051126288-ST252_S3,0.9992840704401433,275.60788543563,98.75136641466699,6435321655,6430714418,80296060
S3_WGS-batchI_4051126676-ST268_S19,0.9994370606072227,25.449742656690855,99.13113643314227,594149218,593814748,5159440
S3_WGS-batchI_4051125326-ST265_S16,0.9992121298629812,342.0189808449799,98.69835683075493,7986566192,7980273815,103874689
S3_WGS-batchI_4051125424-ST256_S7,0.9994795014941693,422.92710758429354,98.65091710233683,9873229111,9868090110,133128716
S3_WGS-batchI_4051125304-ST258_S9,0.9992590576308431,347.3798299041107,98.77992652075747,8111367699,8105357643,98891319
S3_WGS-batchI_4051126315-ST266_S17,0.9982471048952499,102.23217076156057,99.15489348805517,2389555421,2385366781,20158890
S3_WGS-batchI_4051125649-ST262_S13,0.9993831724297394,311.18041015068934,98.76393488234183,7265203788,7260722410,89747257
S3_WGS-batchI_4051125991-ST255_S6,0.9993165873322416,344.07483757120167,98.79256192733959,8033733144,8028242789,96936060
S3_WGS-batchI_4051125456-ST253_S4,0.9993644073688771,199.7159295103352,98.72264218554322,4662903336,4659939629,59524103
S3_WGS-batchI_4051125769-ST251_S2,0.999348663368308,335.90457680696295,98.7927956192437,7842715658,7837607410,94615940
S3_WGS-batchI_4051125557-ST254_S5,0.9990786032226739,61.582405981543864,98.82949729420373,1438217533,1436892364,16818864
S3_WGS-batchI_4051125640-ST264_S15,0.9994779734017109,455.2201094774622,98.73002567937573,10627125166,10621577524,134891307
S3_WGS-batchI_4051125215-ST263_S14,0.9994064683717919,352.4466422624354,98.73129135537303,8228464614,8223580760,104333280
S3_WGS-batchI_4051125253-ST250_S1,0.9993548269918819,353.7957635588194,98.77824066682479,8260388970,8255059590,100856961
S3_WGS-batchI_4051125045-ST257_S8,0.9993827628513328,615.9378540691083,98.70370308083082,14380454934,14371578783,186298333
S3_WGS-batchI_4051126186-ST260_S11,0.9992910681966808,164.03855625969905,98.75125487845678,3830200574,3827485223,47795535
S3_WGS-batchI_4051125617-ST261_S12,0.999424239050937,481.7113026408831,98.77602842935984,11246167373,11239692269,137570638
S3_WGS-batchI_4051125303-ST269_S20,0.9995260176193894,534.1307895280124,98.75672934083083,12468697660,12462787717,154946183
S3_WGS-batchI_4051124870-ST267_S18,0.9993254173455626,1109.4071696976096,98.61898030055814,25903092653,25885618876,357485496
S3_WGS-DIGtest_8068186872-ST344b_S1059_L006,0.9991069856934089,385.8542019683074,99.03250396174796,9011121032,9003073972,87104384
S3_WGS-DIGtest_8068187005-ST343b_S1058_L006,0.9989741366346762,0.3533258426032083,99.24115381979465,8252561,8244095,62560
S3_WGS-DIGtest_8068186872-ST339b_S1054_L006,0.9987074744609202,199.1320679408108,99.01983936767479,4652329736,4646316481,45541365
S3_WGS-DIGtest_8068187005-ST353b_S1068_L006,0.9990421167520543,38.52993752710504,99.05258782463937,899874804,899012829,8517357
S3_WGS-DIGtest_8068186672-ST340b_S1055_L006,0.9993142283841673,38.84985046183193,99.26627881845727,907099369,906477306,6651016
S3_WGS-DIGtest_8068186672-ST345b_S1060_L006,0.9991513875267946,421.7338188464764,99.20510857453962,9848604945,9840247296,78219282
S3_WGS-DIGtest_8068186872-ST359b_S1074_L006,0.9991835423411703,484.47444466573484,99.23903083546296,11313401130,11304164217,86021204
S3_WGS-DIGtest_8068186872-ST349b_S1064_L006,0.9991686948008262,480.3603170621458,99.31370217964415,11217495102,11208169940,76921426
S3_WGS-DIGtest_8068186626-ST342b_S1057_L006,0.9991738169204513,4.586501539739763,99.22242355641023,107104590,107016102,832132
S3_WGS-DIGtest_8068187005-ST348b_S1063_L006,0.9991879415682531,188.87722205600443,99.22810196854377,4410623497,4407041813,34017869
S3_WGS-DIGtest_8068186626-ST337b_S1052_L006,0.9992108679393797,4.444725950408349,99.19703552495791,103789979,103708075,832739
S3_WGS-DIGtest_8068187005-ST338b_S1053_L006,0.9985965936441,0.3598191373111519,99.22169964702948,8407401,8395602,65343
S3_WGS-DIGtest_8068186672-ST335b_S1050_L006,0.9992422102772813,35.88196511363233,99.25512343789363,837863039,837228115,6236316
S3_WGS-DIGtest_8068187005-ST358b_S1073_L006,0.99929562217106,38.695924272224225,99.23079206439283,903522192,902885771,6945069
S3_WGS-DIGtest_8068186672-ST355b_S1070_L006,0.9993233162792868,407.257602386062,99.30245993227794,9508910593,9502476068,66283578
S3_WGS-DIGtest_8068186672-ST336b_S1051_L006,0.9991354813985551,291.7056263491982,99.18163689624065,6812209697,6806320415,55700415
S3_WGS-DIGtest_8068186672-ST341b_S1056_L006,0.9992249484547071,276.60024461661095,99.19861598987606,6458874936,6453868975,51720274
S3_WGS-DIGtest_8068186626-ST347b_S1062_L006,0.9991796698779278,437.88671147133016,99.19824583116643,10225528448,10217140139,81916347
S3_WGS-DIGtest_8068186672-ST356b_S1071_L006,0.9991974029950677,587.3507367877522,99.24917292737945,13715568252,13704560178,102897548
S3_WGS-DIGtest_8068186672-ST351b_S1066_L006,0.9989657614874133,579.812035303548,99.02216053553865,13542667218,13528660870,132288585
S3_WGS-DIGtest_8068186672-ST346b_S1061_L006,0.9989008340409365,562.7132486963974,99.14632451473054,13144145232,13129697635,112085010
S3_WGS-DIGtest_8068186626-ST357b_S1072_L006,0.9992483894244464,168.89951595688805,99.24590551170914,3943869467,3940905213,29718149
S3_WGS-DIGtest_8068186626-ST352b_S1067_L006,0.9989160980704135,526.7550203385023,99.09724220316566,12304026440,12290690082,110955163
S3_WGS-DIGtest_8068186672-ST350b_S1065_L006,0.9990403264010135,639.490517163385,99.12594094882917,14935462448,14921129279,130419481
S3_WGS-DIGtest_8068186872-ST354b_S1069_L006,0.9983737839892951,212.57782951315954,98.34394228131679,4968123513,4960044271,82141196
S3_WGS-batchC_4051126362-ST147_S16,0.9989818411875885,33.53128305561102,98.5920784539862,783177428,782380029,11015297
S3_WGS-batchC_4051126355-ST141_S10,0.9974568775042172,0.5771433129076149,98.16515069515279,13500726,13466392,247088
S3_WGS-batchC_4051125915-ST144_S13,0.9918124684349388,0.18255549614001107,99.48215041161741,4294701,4259538,22058
S3_WGS-batchC_4051126535-ST143_S12,0.9929821704686136,3.1754699888856215,99.78451462107012,74616375,74092730,159659
S3_WGS-batchC_4051126370-ST150_S19,0.9800966524185137,0.011438642335808344,98.95352496852706,272316,266896,2793
S3_WGS-batchC_4051125842-ST132_S1,0.9914806777132632,0.42841966209084115,99.16019482111636,10082140,9996247,83949
S3_WGS-batchC_4051002301-ST140_S9,0.9986782889357068,10.174291606777897,98.70144838873428,237709291,237395108,3082698
S3_WGS-batchC_4051126045-ST139_S8,0.9988196575897855,469.9363111792783,98.56279670595353,10977905977,10964948289,157588598
S3_WGS-batchC_4051124854-ST145_S14,0.9991215632937837,585.2734130638796,98.63347028575211,13668096876,13656090318,186614532
S3_WGS-batchC_4051124902-ST148_S17,0.999073006279593,496.1988862992626,98.54305628511406,11588471166,11577728726,168680991
S3_WGS-batchC_4051125819-ST133_S2,0.998239544787268,399.6710842602565,98.49971592750403,9341907071,9325461062,139908407
S3_WGS-batchC_4051125073-ST142_S11,0.998763015926915,482.81639932457426,98.60526515079275,11279429787,11265477312,157123538
S3_WGS-batchC_4051126630-ST146_S15,0.9907685271958792,2.77491491712603,99.88890234818815,65349919,64746643,71932
S3_WGS-batchC_4051126158-ST137_S6,0.9943910609801512,0.48992229363944956,99.18854217349975,11495757,11431278,92760
S3_WGS-batchC_4051125217-ST138_S7,0.9748088945388792,13.493734474403222,98.93293168741374,322983444,314847134,3359634
S3_WGS-batchC_4051126285-ST134_S3,0.9989157667028529,507.9405124682856,98.45510492486846,11864558148,11851694199,183096240
S3_WGS-batchC_4051125379-ST149_S18,0.9989873030646457,187.07939946784873,98.24095305497406,4369518506,4365093508,76784044
S3_WGS-batchC_4051126017-ST135_S4,0.991553260585978,1.0553148290270207,99.26995729403276,24833251,24623491,179762
S3_WGS-batchC_4051002565-ST151_S20,0.9989823074217345,568.3747450535274,98.51837022069418,13275306599,13261796418,196490725
S3_WGS-batchC_4051126659-ST136_S5,0.9985562141740634,262.5138813583722,98.51648933754146,6134050384,6125194129,90867908
S3_WGS-batchK_4051126581-ST306_S17,0.9993506698226889,34.1112713716492,98.84986282850384,796429949,795912803,9154089
S3_WGS-batchK_4051126082-ST295_S6,0.9994371793506696,8.184800872281338,98.92370003198488,191082186,190974641,2055460
S3_WGS-batchK_4051126569-ST301_S12,0.9994679381229554,35.288033359335316,98.88499338221578,823808318,823370001,9180630
S3_WGS-batchK_4051125786-ST307_S18,0.9992377124910101,3.5295703193254795,98.86911762963067,82417722,82354896,931337
S3_WGS-batchK_4051126401-ST294_S5,0.9994776285526086,65.49573341675224,98.84286240247614,1529000109,1528201403,17683393
S3_WGS-batchK_4051125832-ST298_S9,0.9994005786251872,8.176301777936239,98.81177504339597,190890757,190776333,2266852
S3_WGS-batchK_4051126331-ST297_S8,0.9995165105461123,51.27425646746202,98.88607380944097,1196952685,1196373971,13326723
S3_WGS-batchK_4051126177-ST300_S11,0.9994786005594147,46.39923487236165,98.78067333504167,1083190652,1082625877,13200746
S3_WGS-batchK_4051126071-ST291_S2,0.9994514704370039,20.912984356511437,98.84078220565188,488227104,487959297,5656511
S3_WGS-batchK_4051126235-ST304_S15,0.9994019496832137,47.35721113920171,98.84288584184652,1105639411,1104978183,12785859
S3_WGS-batchK_4051126409-ST302_S13,0.9994208249023672,95.40114124132087,98.76241145151371,2227269448,2225979469,27548467
S3_WGS-batchK_4051126439-ST309_S20,0.9994534924572753,35.70681411721908,98.78516783967791,833596912,833141345,10121269
S3_WGS-batchK_4051126254-ST303_S14,0.9994066530378618,78.18886514410012,98.83965961603622,1825451328,1824368202,21168881
S3_WGS-batchK_4051126617-ST296_S7,0.9994170743727717,101.27881480689084,98.85194485153768,2364500608,2363122280,27129947
S3_WGS-batchK_4051125745-ST293_S4,0.9994708447227978,76.97904691323674,98.89611799618429,1797090648,1796139708,19827263
S3_WGS-batchK_4051126591-ST290_S1,0.9994056711682465,27.856185396042033,98.8525894859368,650350411,649963889,7457754
S3_WGS-batchK_4051126568-ST308_S19,0.9994563332593571,25.321952249359796,98.8396559444243,591154426,590833035,6855696
S3_WGS-batchK_4051124871-ST299_S10,0.9995157418546443,59.6645167782626,98.72556730475773,1392817047,1392142564,17741920
S3_WGS-batchK_4051125943-ST305_S16,0.9994511130671446,23.258866655703578,98.76276045248375,542993433,542695391,6714442
S3_WGS-batchK_4051126392-ST292_S3,0.9994451512983119,48.14101610181255,98.87762163969593,1123890167,1123266578,12607301
S3_WGS-batchF_4051126215-ST198_S9,0.9979736924030067,27.14837478628297,98.91668678852896,634734826,633448658,6862233
S3_WGS-batchF_4051126384-ST193_S4,0.9992643967529264,151.69179939912155,97.05722325251304,3542005844,3539400333,104156650
S3_WGS-batchF_4051002589-ST206_S17,0.9992317216027752,137.59592525367358,98.58212641745104,3212972028,3210503571,45520882
S3_WGS-batchF_4051002343-ST196_S7,0.9991643554241417,113.45324737379794,98.28143935110303,2649400312,2647186355,45493503
S3_WGS-batchF_4051126444-ST202_S13,0.9993531653289786,516.2669747989089,98.92691602347051,12053771001,12045974204,129263419
S3_WGS-batchF_4051126692-ST200_S11,0.9993406891066854,28.381074459048897,98.9174561346524,662647932,662211041,7168725
S3_WGS-batchF_4051126537-ST192_S3,0.999193826001523,628.6953874751375,98.5899541585889,14681083764,14669248256,206843125
S3_WGS-batchF_4064915378-ST194_S5,0.9991797390445916,591.4283718325061,98.62886806133272,13811031630,13799702980,189212135
S3_WGS-batchF_4051126418-ST199_S10,0.9992713339351363,355.7987297216597,98.83059286436247,8307848124,8301794477,97081777
S3_WGS-batchF_4051126342-ST209_S20,0.9992242890588252,481.4122039756928,98.12403271947154,11241433551,11232713448,210722029
S3_WGS-batchF_4051126002-ST207_S18,0.9993062155627821,674.5481538701741,98.83422825720622,15750050612,15739123472,183482254
S3_WGS-batchF_4051126459-ST190_S1,0.9990793233046167,15.832769471387515,98.78526231445815,369763894,369423461,4487526
S3_WGS-batchF_4051125840-ST191_S2,0.9990987147711589,299.1834028855211,98.68969340239646,6987095537,6980798171,91469859
S3_WGS-batchF_4051126241-ST203_S14,0.9990509132827999,439.76549681759684,98.60769274162533,10270725344,10260977535,142864335
S3_WGS-batchF_4051002640-ST197_S8,0.9993920197033755,598.7212808951367,98.77993829208793,13978365824,13969867253,170441001
S3_WGS-batchF_4051125996-ST208_S19,0.9993313491546879,417.0461227199999,98.87066776575838,9737380945,9730870037,109893852
S3_WGS-batchF_4051125961-ST201_S12,0.9989800637258958,143.54143484211244,98.28246845008611,3352648677,3349229189,57524068
S3_WGS-batchF_4051126579-ST205_S16,0.9994108146709517,286.9482270460101,98.8675987640718,6699263891,6695316783,75817850
S3_WGS-batchF_4051126296-ST195_S6,0.9993474214234107,47.899662702854116,98.7578838767305,1118364939,1117635118,13882326
S3_WGS-batchF_4051125831-ST204_S15,0.999264699912456,451.5241537045706,98.61256508393537,10543092720,10535340383,146170991
S3-WGS-DIGtest-8068187005-ST343_S57_L001,0.9902183158491636,0.0032929983359504603,99.54057395718097,77594,76835,353
S3-WGS-DIGtest-8068186626-ST337_S51_L001,0.9919988546051648,0.033258018880599996,99.36392080453193,782263,776004,4936
S3-WGS-DIGtest-8068186672-ST340_S54_L001,0.9943209973582855,0.3990273108214564,99.42320663685068,9363616,9310440,53702
S3-WGS-DIGtest-8068186872-ST339_S53_L001,0.9862780220102345,3.12770126258532,99.34076569493746,73993487,72978150,481097
S3-WGS-DIGtest-8068186872-ST344_S58_L001,0.9919899543701394,4.657005861995619,99.25376653414953,109538577,108661168,810866
S3-WGS-DIGtest-8068186672-ST341_S55_L001,0.9931046148230438,2.825518703489104,99.35534364458903,66385124,65927373,425005
S3-WGS-DIGtest-8068187005-ST353_S67_L001,0.9912590801416427,0.4442502260440746,99.18790185130285,10457023,10365619,84179
S3-WGS-DIGtest-8068186626-ST342_S56_L001,0.9933600276914794,0.049812455312446116,99.38628506727376,1170035,1162266,7133
S3-WGS-DIGtest-8068186672-ST336_S50_L001,0.9924202585268738,3.0436290671700945,99.33763990954948,71558905,71016507,470385
S3-WGS-DIGtest-8068186872-ST349_S63_L001,0.993157303162465,5.385850345943758,99.38822530582945,126533006,125667179,768800
S3-WGS-DIGtest-8068187005-ST348_S62_L001,0.9931894949438862,2.1587320771381484,99.37105995495514,50714741,50369348,316793
S3-WGS-DIGtest-8068186872-ST354_S68_L001,0.9790791658076384,2.7226403096511316,98.19202024061356,64884363,63526928,1148554
S3-WGS-DIGtest-8068186872-ST359_S73_L001,0.9933963232885588,6.081977036742078,99.35367673115663,142853147,141909791,917196
S3-WGS-DIGtest-8068187005-ST338_S52_L001,0.9902052598525831,0.003851824460795362,99.3502013930614,90763,89874,584
S3-WGS-DIGtest-8068186672-ST335_S49_L001,0.9935800869773522,0.4287599550144755,99.40836771643713,10068828,10004187,59188
S3-WGS-DIGtest-8068186672-ST346_S60_L001,0.9927137403636536,6.119576619030371,99.2735295912174,143835116,142787096,1037306
S3-WGS-DIGtest-8068187005-ST358_S72_L001,0.9934815827718351,0.4373017359782065,99.37650751100776,10270438,10203491,63618
S3-WGS-DIGtest-8068186672-ST351_S65_L001,0.9911246168975434,5.9167044353239655,99.15443295640317,139289762,138053512,1167335
S3-WGS-DIGtest-8068186672-ST356_S70_L001,0.9933379288569286,5.9010503608240725,99.38087676292629,138611699,137688258,852460
S3-WGS-DIGtest-8068186626-ST347_S61_L001,0.9927700102289189,4.888858402528728,99.33718003881549,114901684,114070946,756085
S3-WGS-DIGtest-8068186626-ST352_S66_L001,0.9924313910063246,5.162839978452686,99.23776050935969,121382410,120463714,918222
S3-WGS-DIGtest-8068186672-ST345_S59_L001,0.992832646749675,5.461310687482136,99.33185266838342,128347797,127427883,851406
S3-WGS-DIGtest-8068186626-ST357_S71_L001,0.9937864339812755,1.9907172890534237,99.38946699618589,46739505,46449086,283587
S3-WGS-DIGtest-8068186672-ST355_S69_L001,0.994578604800611,5.012451549509256,99.43844680067437,117592239,116954725,656763
S3-WGS-DIGtest-8068186672-ST350_S64_L001,0.9925820850506446,6.388915425165364,99.30088598068035,150185599,149071535,1042180
S3_WGS-batchG_4051002356-ST220_S11,0.9980719255553552,115.95801496765996,98.77199152294638,2710856427,2705629694,33225362
S3_WGS-batchG_4051125806-ST217_S8,0.9994351524546826,127.08674700922593,98.7927172593411,2966970493,2965294607,35799490
S3_WGS-batchG_4064915863-ST215_S6,0.9994123108081696,54.39917452822608,98.87058482787907,1270033566,1269287181,14335522
S3_WGS-batchG_4051126365-ST224_S15,0.9995337196617611,185.5214569474379,98.7304877405677,4330761635,4328742286,54953914
S3_WGS-batchG_4051001977-ST218_S9,0.9995182701490399,390.756697759754,98.96887172677772,9121857388,9117463117,94012740
S3_WGS-batchG_4051001987-ST226_S17,0.9993877095559962,544.102090920012,98.6529803487013,12703224550,12695446487,171010159
S3_WGS-batchG_4051117535-ST216_S7,0.9986474454095846,379.95506667662687,97.47889181950578,8877437617,8865430398,223507091
S3_WGS-batchG_4051126031-ST219_S10,0.9995274252182785,293.7317703173626,98.7544689870874,6856836474,6853596106,85363665
S3_WGS-batchG_4051002496-ST212_S3,0.9995754462184355,660.1299030092309,98.72955356720178,15409246800,15402704746,195683113
S3_WGS-batchG_4051125861-ST214_S5,0.9995402376997194,575.4444332299212,98.57697901523977,13432928268,13426752314,191065503
S3_WGS-batchG_4051126592-ST228_S19,0.999509370878913,504.4982466128532,98.65213750632228,11777154579,11771376364,158661967
S3_WGS-batchG_4051126394-ST222_S13,0.9995764598793254,138.54102104763163,98.81241219487133,3233925036,3232555339,38389433
S3_WGS-batchG_4051126403-ST213_S4,0.9995301966382332,499.51442801281064,98.72063033839568,11660567901,11655089727,149111682
S3_WGS-batchG_4051001972-ST223_S14,0.9995460839250263,432.17753167542105,98.9269178956832,10088508102,10083928766,108208835
S3_WGS-batchG_4051126615-ST221_S12,0.9994760217913198,341.92155553809806,98.72807852479123,7982183096,7978000606,101473903
S3_WGS-batchG_8045359221-ST210_S1,0.9992926103926798,499.0235618563176,98.6850059947071,11651878844,11643636426,153113121
S3_WGS-batchG_4051126614-ST211_S2,0.9995360448650622,559.4228693730754,98.6675031402068,13058982526,13052923744,173929799
S3_WGS-batchG_4051125795-ST225_S16,0.9995192812718622,223.70185955511027,98.72519005827557,5222109839,5219599473,66539973
S3_WGS-batchG_4064915545-ST227_S18,0.9992619198180122,683.6417717535359,98.35298737344046,15963085431,15951303394,262719981
S3_WGS-batchG_4051002086-ST229_S20,0.999269849605924,565.5760843333295,98.71248177068517,13206138185,13196495718,169907288
S3_WGS-batchJ_4051126316-ST286_S17,0.9992727373521149,12.855025400038118,98.87139422228208,300162535,299944238,3385188
S3_WGS-batchJ_4051124818-ST272_S3,0.9991930186991832,63.247531472702484,98.90282671965753,1476936329,1475744469,16191474
S3_WGS-batchJ_4051125430-ST283_S14,0.9991287091707599,332.0443055386445,98.7846781468758,7754292566,7747536322,94157502
S3_WGS-batchJ_4051126218-ST277_S8,0.9989351624617909,162.32473403686538,98.81204425069778,3791534253,3787496885,44993787
S3_WGS-batchJ_4051126046-ST288_S19,0.9991871491568709,9.083137418468452,98.84717975572772,212107795,211935383,2443234
S3_WGS-batchJ_4051125389-ST287_S18,0.999170383332188,62.887772250946405,98.9378660043381,1468568614,1467350265,15585226
S3_WGS-batchJ_4051125188-ST280_S11,0.9992030395344589,170.53465851283678,98.80738940703748,3982231412,3979057731,47454664
S3_WGS-batchJ_4051125143-ST271_S2,0.999091878115466,45.21857147344993,98.86526266358739,1056036658,1055077648,11972360
S3_WGS-batchJ_4051126679-ST285_S16,0.998997648266982,141.02028621549226,98.77408690583765,3293705085,3290403634,40337489
S3_WGS-batchJ_4051125101-ST278_S9,0.9991282864583051,10.348574041932917,98.88486000830642,241672281,241461612,2692635
S3_WGS-batchJ_4051126416-ST289_S20,0.9989879892006706,3.55252269130216,98.7928197751152,82974411,82890440,1000637
S3_WGS-batchJ_4051125117-ST273_S4,0.9992062147544224,62.63133607530571,98.70636879446292,1462527814,1461366881,18904698
S3_WGS-batchJ_4051125669-ST270_S1,0.9993116876518926,232.04295555290122,98.9390007201965,5417950165,5414220923,57444845
S3_WGS-batchJ_4051125220-ST279_S10,0.9991376599643382,76.10012077827307,98.79444515443271,1777164386,1775631866,21406216
S3_WGS-batchJ_4051125998-ST276_S7,0.9989521506684347,131.4035187488329,98.95463458084828,3069233241,3066017147,32051083
S3_WGS-batchJ_4051124859-ST274_S5,0.9993246006062719,120.41552423174907,98.77662955234587,2811534949,2809636040,34372257
S3_WGS-batchJ_4051126689-ST284_S15,0.9986834251405686,81.71482338690119,98.99623154530781,1909152360,1906638818,19138239
S3_WGS-batchJ_4051125341-ST282_S13,0.9990510103511308,322.3849925420563,98.72496688940808,7529302357,7522157127,95909994
S3_WGS-batchJ_4051125857-ST275_S6,0.9992877785709896,152.5819720009211,98.82132701300249,3562708024,3560170587,41962769
S3_WGS-batchJ_4051125850-ST281_S12,0.9989217449210501,421.3852278756134,98.73962518085324,9842726649,9832113679,123921485
S3_WGS-batchE_4051126704-ST189_S18,0.9988479326461361,43.93867840085812,98.44111675213007,1026396587,1025214109,15981891
S3_WGS-batchE_4051002224-ST182_S11,0.9988150970639935,123.04788517162442,98.35452001384408,2874462453,2871056494,47242660
S3_WGS-batchE_4051002310-ST179_S8,0.9993121497184527,103.40002658913474,98.59546614255412,2414276834,2412616173,33886011
S3_WGS-batchE_4051126690-ST184_S13,0.9919226164998941,0.6111324044193679,94.96296983040165,14375571,14259454,718253
S3_WGS-batchE_4051126359-ST185_S14,0.9989893717838753,20.647599505572384,98.41430148257422,482254495,481767115,7639374
S3_WGS-batchE_4051126033-ST175_S4,0.9954900613773005,0.6553340122905746,99.1280444853027,15360076,15290803,133329
S3_WGS-batchE_4051126009-ST174_S3,0.9989560478512189,42.27872724789298,98.57764961433648,987513653,986482736,14031241
S3_WGS-batchE_4051126157-ST188_S17,0.9923651787122066,0.08685741156487643,99.10674370753418,2042222,2026630,18103
S3_WGS-batchE_4051126027-ST183_S12,0.9991439230513882,5.765057865440206,98.53333267615837,134630421,134515167,1972890
S3_WGS-batchE_4051125830-ST178_S7,0.9991157193034659,19.502261940777974,98.68781869203794,455445880,455043138,5970991
S3_WGS-batchE_4051125829-ST180_S9,0.999391877820785,339.0827262811868,98.59533287617604,7916576906,7911762660,111133929
S3_WGS-batchE_4051125977-ST177_S6,0.9992494696200037,395.8255968337158,98.63402102754351,9242671829,9235734923,126158197
S3_WGS-batchE_4051125965-ST172_S1,0.9990758549808151,725.7665489827449,98.70617249633843,16949858166,16934194039,219099260
S3_WGS-batchE_4051126484-ST176_S5,0.9988649930243088,12.238134630766535,98.52030652729724,285874895,285550425,4225271
S3_WGS-batchE_4051125812-ST181_S10,0.979530565317213,75.56095449850744,99.49324120343691,1799894407,1763051586,8934419
S3_WGS-batchE_4051126116-ST173_S2,0.9887265408224601,0.027916748579116326,98.62982573839727,658804,651377,8925
S3_WGS-batchE_4051126376-ST186_S15,0.9987007840334792,28.876089403436932,98.60625934432595,674637645,673761145,9390483
S3_WGS-batchE_4051126200-ST187_S16,0.9964811669690555,3.725464183762636,99.2595500228379,87232613,86925656,643641
